Specimen_A_01;Robot;Robot;250;1819;274:AOE;413:AOE;549;825;BINGO;ability_shield;ability_shield_plus;20;30
Specimen_A_03;Garuda;Garuda;120;3196;432;876;248:AOE;548:AOE;SEASONAL;ability_shield;ability_shield_plus;20;45
Specimen_A_05;Bounty Hunter;Cazarrecompensas;210;1922;515;774;303:AOE;454:AOE;LEGEND;ability_shield;ability_shield_plus;20;40
Specimen_A_13;Asimov;Asimov;120;967;510;765;442:AOE;665:AOE;HEROIC;ability_shield;ability_shield_plus;10;35
Specimen_A_14;Automaton;Automata;165;1688;744;1111;531:AOE;821:AOE;LEGEND;ability_slash;ability_slash_plus;-30;-40
Specimen_A_15;No Name;No Name;100;1000;100;150;100;150;BASIC;ability_shield;ability_shield_plus;20;30
Specimen_AA_01;Android;Androide;150;1550;345;519;199:AOE;298:AOE;BINGO;ability_shield;ability_shield_plus;20;30
Specimen_AA_02;Goliath;Goliat;260;3676;1199;1999;689:AOE;1334:AOE;CAPTAINPEACE;ability_shield;ability_shield_plus;20;40
Specimen_AA_03;H.U.M.A.N.;H.U.M.A.N.;200;1878;518;778;298:AOE;448:AOE;LEGEND;ability_shield;ability_shield_plus;20;40
Specimen_AA_04;Tri-Klops;Oculus;120;1543;283;425;164:AOE;245:AOE;LEGEND;ability_strengthen;ability_strengthen_plus;20;35
Specimen_AA_05;Thunderstruck;Tecnoforzer;170;1875;741;1116;428:AOE;641:AOE;PVP;ability_shield;ability_shield_plus;30;50
Specimen_AA_06;Hercules;Hercules;300;2258;945;1569;635:AOE;929:AOE;PVP;ability_shield;ability_shield_plus;20;33
Specimen_AA_07;Project 3V3;Proyecto 3V3;110;1235;274;715;156:AOE;411:AOE;LEGEND;ability_shield;ability_shield_plus;25;50
Specimen_AA_08;R0B-H4N Sentinel;Centinela R0B-H4N;180;1909;604;1208;409:AOE;621:AOE;LEGEND;ability_shield;ability_shield_plus;25;45
Specimen_AA_09;H.U.N.T.3.R;H.U.N.T.3.R;130;1938;453;679;260:AOE;391:AOE;LEGEND;ability_shield;ability_shield_plus;10;15
Specimen_AA_10;ED-404;ED-404;250;2888;950;1425;554:AOE;841:AOE;LEGEND;ability_shield;ability_shield_plus;20;30
Specimen_AA_11;TriAD;TriAD;100;1191;275;398;145:AOE;355:AOE;LEGEND;ability_shield;ability_shield_plus;50;95
Specimen_AA_12;Cabloid;Cabloide;220;3400;870;1221;435:AOE;653:AOE;LEGEND;ability_retaliate;ability_retaliate_plus;-15;-25
Specimen_AA_13;TCB-8566 Trafficroid;TCB-8566 Trafficroid;170;2054;755;1122;544:AOE;845:AOE;LEGEND;ability_weaken;ability_weaken_plus;-20;-30
Specimen_AA_15;No Name;No Name;100;1000;100;150;100;150;BASIC;ability_shield;ability_shield_plus;20;30
Specimen_AA_99;A00-C0R3-C0NTR0L;A00-C0R3-C0NTR0L;200;4621;1240;1861;752:AOE;1022:AOE;CAPTAINPEACE;ability_shield;ability_shield_plus;25;55
Specimen_AB_01;Dead Bot;Necrobot;140;1197;254;382;254;382;BINGO;ability_shield;ability_shield_plus;20;30
Specimen_AB_02;The Darkseer;Hypnos;240;1554;490;735;490;735;RECIPE;ability_weaken;ability_weaken_plus;-20;-30
Specimen_AB_03;Xenarach;Xenarach;190;1464;390;586;390;586;PVP;ability_shield;ability_shield_plus;20;40
Specimen_AB_04;Commander Ender;Commander Ender;260;1846;869;1254;869;1254;LEGEND;ability_regen;ability_regen_plus;25;38
Specimen_AB_05;Neo-Urban XIII\n;Neo Urban XIII;300;2552;558;1384;558;1384;GACHA;ability_strengthen;ability_strengthen_plus;12;33
Specimen_AB_06;Drusella;Drusella;110;1422;264;535;264;535;LEGEND;ability_shield;ability_shield_plus;20;30
Specimen_AB_07;Crusher;Aplastador;250;3210;979;1872;979;1872;CAPTAINPEACE;ability_regen;ability_regen_plus;30;45
Specimen_AB_08;High Gravelord;Gran Señor de las Tumbas;160;1533;332;791;332;791;LEGEND;ability_weaken;ability_weaken_plus;-22;-33
Specimen_AB_09;Grumpy Claus;Grumpy Claus;230;3760;1119;1679;1119;1679;SEASONAL;ability_shield;ability_shield_plus;20;30
Specimen_AB_10;S-K-Venger;S-K-Venger;290;1925;1141;1795;1141;1795;LEGEND;ability_shield;ability_shield_plus;22;35
Specimen_AB_11;Enviro Mk III;Enviro 3.0;170;2026;516;774;339:AOE;498:AOE;LEGEND;ability_weaken;ability_weaken_plus;-25;-25
Specimen_AB_12;Unstabot;Disfuncidroide;245;2351;844;1266;422:AOE;633:AOE;LEGEND;ability_retaliate;ability_retaliate_plus;-15;-25
Specimen_AB_13;The Architect;El Arquitecto;225;1911;1132;1911;1132;1911;HEROIC;ability_weaken;ability_weaken_plus;-25;-35
Specimen_AB_14;The Screencaster;El Presentador;180;4557;1047;1544;1047;1544;SEASONAL;ability_weaken;ability_weaken_plus;-25;-40
Specimen_AB_15;Glitchy Heart;El Glitchy Corazón;185;3865;1541;2127;1541;2127;SEASONAL;ability_retaliate;ability_retaliate_plus;-35;-50
Specimen_AB_99;Battle Simulacrum;Simulacro de Combate;285;5864;1000;1421:AOE;635:AOE;1421:AOE;CAPTAINPEACE;ability_strengthen;ability_strengthen_plus;15;45
Specimen_AC_01;Stealth Bot;Humanoide Perfido;200;1431;391;587;391;587;BINGO;ability_shield;ability_shield_plus;20;45
Specimen_AC_02;Captain Wrenchfury;Capitan Mecano;210;2342;474;811;474;811;RECIPE;ability_regen;ability_regen_plus;30;60
Specimen_AC_03;Dezinger;Dezinger;290;2394;696;1024;696;1024;LEGEND;ability_shield;ability_shield_plus;25;40
Specimen_AC_04;The Plumber;El Fontanero;170;2419;595;893;595;893;VIDEOGAME;ability_shield;ability_shield_plus;20;40
Specimen_AC_05;Cyber Punk;Ciberpunk;130;1362;250;375;250;375;LEGEND;ability_slash;ability_slash_plus;-20;-60
Specimen_AC_06;Viper;Viper;170;1788;631;946;631;946;HEROIC;ability_shield;ability_shield_plus;20;52
Specimen_AC_07;Robo Fuerte;Robofuerte;250;2181;856;1284;856;1284;GACHA;ability_slash;ability_slash_plus;-30;-50
Specimen_AC_08;Blender;Blender;140;1225;291;437;291;437;LEGEND;ability_retaliate;ability_retaliate_plus;-20;-30
Specimen_AC_09;Optimus Zord;Optimus Zord;160;1761;310;567;310;567;LEGEND;ability_retaliate;ability_retaliate_plus;-15;-25
Specimen_AC_10;Sergeant Dusk;Sargento Dusk;200;1814;786;1287;786;1287;HEROIC;ability_retaliate;ability_retaliate_plus;-25;-40
Specimen_AC_11;Spin Fury;Spin Fury;95;855;378;584;378;584;HEROIC;ability_shield;ability_shield_plus;15;20
Specimen_AC_12;Phileas Derocas;Phileas Derocas;230;2402;881;1321;881;1321;HEROIC;ability_slash;ability_slash_plus;-5;-35
Specimen_AC_13;Capsulator MTZ-004;Capsuladora MTZ-004;270;4356;1345;2024;1345;2024;SEASONAL;ability_retaliate;ability_retaliate_plus;-15;-35
Specimen_AC_14;Professor Chronomantik;Professor Cronomantico;280;2541;1041;1649;1041;1649;HEROIC;ability_weaken;ability_weaken_plus;-10;-20
Specimen_AC_15;No Name;No Name;100;1000;100;150;100;150;BASIC;ability_shield;ability_shield_plus;20;30
Specimen_AD_01;Beetle Bot;Escarabot;290;1838;657;987;657;987;BINGO;ability_shield;ability_shield_plus;20;30
Specimen_AD_02;Monocerus;Monocerus;190;1577;420;631;420;631;LEGEND;ability_shield;ability_shield_plus;20;44
Specimen_AD_03;Taurider;Tauridus;100;1712;395;815;395;815;ZODIAC;ability_shield;ability_shield_plus;27;35
Specimen_AD_04;Deathcon 1;Malvatron;140;1553;336;504;336;504;LEGEND;ability_shield;ability_shield_plus;20;30
Specimen_AD_05;Cyber Croc;Cibercroc;230;1932;546;821;546;821;LEGEND;ability_slash;ability_slash_plus;-20;-50
Specimen_AD_06;Bio-Hedgehog;Bioerizo;280;2646;796;1188;796;1188;LEGEND;ability_shield;ability_shield_plus;26;44
Specimen_AD_07;Fuel Wasp;Avispa Diesel;130;2211;266;400;266;400;LEGEND;ability_regen;ability_regen_plus;30;40
Specimen_AD_08;Kitty Ranger;Kitty Ranger;150;1616;314;472;314;472;LEGEND;ability_slash;ability_slash_plus;-20;-40
Specimen_AD_09;Carcinus Gigas;Carcinus Gigas;190;2569;583;873;583;873;LEGEND;ability_shield;ability_shield_plus;20;35
Specimen_AD_10;Hippopotank;Hipopotanque;290;2477;943;1549;943;1549;LEGEND;ability_shield;ability_shield_plus;15;22
Specimen_AD_11;Hatching Mecharachnidian;Mecaovoide Aracneo;125;2951;605;605:AOE;701;1052;CAPTAINPEACE;ability_slash;ability_slash_plus;-10;-40
Specimen_AD_12;Lepidoptech;Lepidoptech;135;1671;664;1006;664;1006;LEGEND;ability_weaken;ability_weaken_plus;-5;-15
Specimen_AD_13;Myrmidus.exe;Myrmidus.exe;210;2323;876;1221;876;1221;LEGEND;ability_regen;ability_regen_plus;27;45
Specimen_AD_14;Origamix;Origamix;90;354;584;870;584;870;LEGEND;ability_strengthen;ability_strengthen_plus;20;35
Specimen_AD_15;No Name;No Name;100;1000;100;150;100;150;BASIC;ability_shield;ability_shield_plus;20;30
Specimen_AE_01;Colossus;Coloso;230;1656;495;744;495;744;BINGO;ability_shield;ability_shield_plus;20;40
Specimen_AE_02;Libraro;Libraro;110;2546;308;614;308;614;ZODIAC;ability_shield;ability_shield_plus;23;40
Specimen_AE_03;Invadron;Invadron;280;1888;670;1006;670;1006;LEGEND;ability_shield;ability_shield_plus;20;30
Specimen_AE_04;Supraman X;Supraman X;150;2423;551;827;551;827;VIDEOGAME;ability_weaken;ability_weaken_plus;-20;-30
Specimen_AE_05;CyberSlug;Ciberbabosa;200;1877;423;682;423;682;RECIPE;ability_slash;ability_slash_plus;-30;-50
Specimen_AE_06;Marv;Marv;140;1423;271;468;271;468;LEGEND;ability_shield;ability_shield_plus;20;30
Specimen_AE_07;Alfie;Alfie;300;1722;887;1483;887;1483;LEGEND;ability_strengthen;ability_strengthen_plus;20;40
Specimen_AE_08;Andromeda;Andromeda;140;1065;455;661;455;661;HEROIC;ability_shield;ability_shield_plus;50;80
Specimen_AE_09;Centaurus;Centaurus;190;2383;443;741;443;741;LEGEND;ability_shield;ability_shield_plus;22;40
Specimen_AE_10;Akai-Bot;Akai-Bot;200;4200;1041;1562;1041;1562;CAPTAINPEACE;ability_strengthen;ability_strengthen_plus;30;45
Specimen_AE_11;Mix0-Logist;Mix0-Logo;190;2172;735;1480;735;735:AOE;LEGEND;ability_regen;ability_regen_plus;12;33
Specimen_AE_12;Tenacity;Tenacity;255;2341;949;1424;949;1424;LEGEND;ability_shield;ability_shield_plus;30;45
Specimen_AE_13;Helidrone KxT-271;Helidron KxT-271;105;681;585;728;511;511:AOE;LEGEND;ability_weaken;ability_weaken_plus;-15;-20
Specimen_AE_14;Giganto-Moai;Giganto-Moai;200;4212;1011;1632;594:AOE;1011:AOE;SEASONAL;ability_strengthen;ability_strengthen_plus;20;40
Specimen_AE_15;No Name;No Name;100;1000;100;150;100;150;BASIC;ability_shield;ability_shield_plus;20;30
Specimen_AE_99;Randonymous;Azaronimo;170;3566;1248;2324;1248;1489:AOE;CAPTAINPEACE;ability_strengthen;ability_strengthen_plus;20;32
Specimen_AF_01;Deus Machina;Deus Machina;190;1395;368;552;368;552;BINGO;ability_shield;ability_shield_plus;20;50
Specimen_AF_02;Virgon;Virgon;95;1931;255;583;255;583;ZODIAC;ability_shield;ability_shield_plus;30;70
Specimen_AF_03;Halbeard;Barbaroca;240;1966;778;1167;778;1167;LEGEND;ability_shield;ability_shield_plus;17;25
Specimen_AF_04;Autonorush;Autonoraptor;90;1655;162;265;162;265;LEGEND;ability_shield;ability_shield_plus;20;40
Specimen_AF_05;Abraham Lincoln;Abraham Lincoln;300;3733;1518;2227;1518;2227;SEASONAL;ability_retaliate;ability_retaliate_plus;-15;-27
Specimen_AF_06;Eva's Replication;Duplicado de Eva;110;2633;439;738;439;738;CAPTAINPEACE;ability_weaken;ability_weaken_plus;-20;-35
Specimen_AF_07;Bounda;Bounda;300;2155;824;1237;824;1237;HEROIC;ability_weaken;ability_weaken_plus;-25;-35
Specimen_AF_08;H0ud1n1;H0ud1n1;130;1693;402;603;402;603;LEGEND;ability_shield;ability_shield_plus;15;20
Specimen_AF_09;Steam Warlord;Caudillo Steam;225;2415;606;906;606;906;HEROIC;ability_retaliate;ability_retaliate_plus;-30;-45
Specimen_AF_10;El Veneno;El Veneno;180;1733;399;622;399;622;LEGEND;ability_strengthen;ability_strengthen_plus;20;35
Specimen_AF_11;Heimdall;Heimdall;130;3321;900;1380;900;1380;CAPTAINPEACE;ability_shield;ability_shield_plus;16;28
Specimen_AF_12;Dream Defender;Protector de los Sueños;165;2746;1025;1966;1025;1966;CAPTAINPEACE;ability_weaken;ability_weaken_plus;-10;-20
Specimen_AF_13;Epoch Golem;Golem de Epocas;290;3480;843;1113;843;1113;LEGEND;ability_retaliate;ability_retaliate_plus;-23;-35
Specimen_AF_14;Black I.C.E.;Black I.C.E.;100;1351;687;875;687;875;LEGEND;ability_retaliate;ability_retaliate_plus;-10;-65
Specimen_AF_15;No Name;No Name;100;1000;100;150;100;150;BASIC;ability_shield;ability_shield_plus;20;30
Specimen_AF_99;A027441;A027441;310;2950;780;1370;780;1370;LEGEND;ability_shield;ability_shield_plus;20;40
Specimen_B_01;Zombie;Zombi;160;1425;331;496;331;496;BINGO;ability_regen;ability_regen_plus;25;35
Specimen_B_03;Jack O'Lantern;Jack O'Lantern;140;2851;519;781;300:AOE;450:AOE;SEASONAL;ability_regen;ability_regen_plus;30;50
Specimen_B_04;Crow;Cuervo;200;3531;865;1299;496:AOE;746:AOE;SEASONAL;ability_regen;ability_regen_plus;35;50
Specimen_B_05;Drudge Zombie;Drudge Zombie;150;2230;507;915;507;915;LEGEND;ability_regen;ability_regen_plus;35;60
Specimen_B_12;Ossembly;Huesamblaje;160;1680;719;1131;719;1131;LEGEND;ability_regen;ability_regen_plus;50;75
Specimen_B_13;GAR  Zombie Sovereign;GAR, Zombi Soberano;270;3625;807;1311;574:AOE;886:AOE;HEROIC;ability_regen;ability_regen_plus;35;50
Specimen_B_14;Spectroplasm;Espectroplasma;185;1951;721;1029;561:AOE;721:AOE;LEGEND;ability_weaken;ability_weaken_plus;-30;-40
Specimen_B_15;No Name;No Name;100;1000;100;150;100;150;BASIC;ability_shield;ability_shield_plus;20;30
Specimen_BA_01;Zomborg;Zomborg;220;1846;439;659;439;659;BINGO;ability_regen;ability_regen_plus;30;55
Specimen_BA_02;Terrordoll;Muñeca Diabolica;130;1739;236;374;236;374;RECIPE;ability_retaliate;ability_retaliate_plus;-15;-28
Specimen_BA_03;Triple-B;Triple-B;280;1982;639;960;639;960;LEGEND;ability_regen;ability_regen_plus;30;48
Specimen_BA_04;The Experiment;El Experimento;180;1595;365;549;365;549;LEGEND;ability_regen;ability_regen_plus;30;55
Specimen_BA_05;Doctor Blaw;Doctor Blaw;250;1834;542;813;542;813;LEGEND;ability_regen;ability_regen_plus;30;48
Specimen_BA_06;Z-0;Z-0;260;2041;947;1322;947;1322;LEGEND;ability_retaliate;ability_retaliate_plus;-16;-27
Specimen_BA_07;Peekaboo;Pikabu;165;2042;374;662;374;662;LEGEND;ability_regen;ability_regen_plus;30;55
Specimen_BA_08;Naraxis;Naraxis;170;1848;335;543;335;543;LEGEND;ability_regen;ability_regen_plus;30;60
Specimen_BA_09;Excavalypse;Excavalipsis;300;2312;814;1221;814;1221;LEGEND;ability_regen;ability_regen_plus;30;48
Specimen_BA_10;Hellsaw;Hellsaw;245;2585;732;1098;732;1098;LEGEND;ability_regen;ability_regen_plus;30;55
Specimen_BA_11;Roadmaster;Roadmaster;165;2689;225:AOE;458:AOE;392;788;LEGEND;ability_weaken;ability_weaken_plus;-10;-22
Specimen_BA_12;Cre$u$;Cr\$u\$;290;2499;607:AOE;1311:AOE;1077;1782;LEGEND;ability_weaken;ability_weaken_plus;-25;-40
Specimen_BA_13;The Anarchic;La Anárquica;175;1488;445;845:AOE;445;1224;LEGEND;ability_strengthen;ability_strengthen_plus;10;50
Specimen_BA_14;Mecargoyle;Mecargola;170;2221;1224;1832;1224;1832;CAPTAINPEACE;ability_slash;ability_slash_plus;-60;-90
Specimen_BA_15;No Name;No Name;100;1000;100;150;100;150;BASIC;ability_shield;ability_shield_plus;20;30
Specimen_BB_01;Leech Lord;Lord Blood;240;2151;609;914;349:AOE;525:AOE;BINGO;ability_regen;ability_regen_plus;30;55
Specimen_BB_02;Crypt Wraith;Espectro de la Cripta;140;1758;339;509;195:AOE;291:AOE;PVP;ability_regen;ability_regen_plus;30;50
Specimen_BB_03;Cursed Rider;Motero Maldito;100;2080;228;319;133:AOE;198:AOE;LEGEND;ability_regen;ability_regen_plus;30;45
Specimen_BB_04;The Boogey Girl;Sacamantecas;100;1538;255;384;146:AOE;220:AOE;LEGEND;ability_slash;ability_slash_plus;-20;-40
Specimen_BB_05;Soul Eater;Caronte;290;2375;813;1219;468:AOE;701:AOE;PVP;ability_regen;ability_regen_plus;30;48
Specimen_BB_06;The Glutton;Gloton;230;2164;611;920;351:AOE;529:AOE;PVP;ability_regen;ability_regen_plus;30;55
Specimen_BB_07;Necroparasyte;Necroparasito;150;2219;308;461;175:AOE;265:AOE;LEGEND;ability_regen;ability_regen_plus;30;55
Specimen_BB_08;Plague Witch;Bruja de la Peste;210;1798;389;795;228:AOE;484:AOE;LEGEND;ability_regen;ability_regen_plus;30;55
Specimen_BB_09;Frankenhuahua;Frankenhuahua;110;1571;344;515;148:AOE;296:AOE;LEGEND;ability_regen;ability_regen_plus;30;60
Specimen_BB_10;T-3rr0r;T-3rr0r;170;2840;440;691;253:AOE;404:AOE;LEGEND;ability_weaken;ability_weaken_plus;-20;-30
Specimen_BB_11;The Forgotten One;La Olvidada;250;5480;1036;1544;613:AOE;959:AOE;CAPTAINPEACE;ability_regen;ability_regen_plus;38;55
Specimen_BB_12;The Lantern Doctor;Doctor del Farol;210;4119;1211;2016;606:AOE;1432:AOE;CAPTAINPEACE;ability_weaken;ability_weaken_plus;-28;-48
Specimen_BB_13;The Phosphorescent;El Fosforescente;240;2833;1011;1553;586:AOE;1077:AOE;LEGEND;ability_retaliate;ability_retaliate_plus;-15;-40
Specimen_BB_15;No Name;No Name;100;1000;100;150;100;150;BASIC;ability_shield;ability_shield_plus;20;30
Specimen_BC_01;Dire Despot;Despota Negro;270;1919;559;840;559;840;BINGO;ability_regen;ability_regen_plus;30;48
Specimen_BC_02;Captain Bag âOâ Bones;Capitan Osamenta;180;1351;347;520;347;520;RECIPE;ability_strengthen;ability_strengthen_plus;20;35
Specimen_BC_03;Micky Krueger;Micky Krueger;130;1414;331;497;331;497;LEGEND;ability_regen;ability_regen_plus;30;50
Specimen_BC_04;George Washington;George Washington;300;3926;1284;1927;1284;1927;SEASONAL;ability_regen;ability_regen_plus;30;48
Specimen_BC_05;Psycho Chainsawer;Loco de la Motosierra;220;1727;465;699;465;699;LEGEND;ability_regen;ability_regen_plus;30;55
Specimen_BC_06;Dandy Bones;Dandi oscar;250;1831;543;815;543;815;LEGEND;ability_regen;ability_regen_plus;30;48
Specimen_BC_07;Muddypeat;Turbacieno;220;1752;694;1013;694;1013;LEGEND;ability_retaliate;ability_retaliate_plus;-18;-33
Specimen_BC_08;Thrann;Thran;250;1482;862;1482;862;1482;LEGEND;ability_weaken;ability_weaken_plus;-22;-25
Specimen_BC_09;The Collector;El Coleccionista;260;2138;675;1012;675;1012;LEGEND;ability_regen;ability_regen_plus;30;48
Specimen_BC_10;King Lulu;King Lulu;290;1981;1113;1644;1113;1644;HEROIC;ability_regen;ability_regen_plus;25;40
Specimen_BC_11;Ragefang;Colmillo Rabioso;80;2367;202;303;202;303;LEGEND;ability_slash;ability_slash_plus;-5;-10
Specimen_BC_12;Charon;Caronte (Halloween);275;4851;1432;2348;1432;2348;SEASONAL;ability_weaken;ability_weaken_plus;-16;-35
Specimen_BC_13;The Flaying MD;Doctor Desollador;200;2020;730;1638;730;1708;LEGEND;ability_slash;ability_slash_plus;-30;-49
Specimen_BC_14;Perfitrouille;Traiciobaza;110;1432;834;1518;834;1588;SEASONAL;ability_regen;ability_regen_plus;20;35
Specimen_BC_15;No Name;No Name;100;1000;100;150;100;150;BASIC;ability_shield;ability_shield_plus;20;30
Specimen_BD_01;Undead Dragon;Necrodragon;280;1950;584;877;584;877;BINGO;ability_regen;ability_regen_plus;25;48
Specimen_BD_02;Cancernia;Cancernia;210;2449;636;1184;636;1184;ZODIAC;ability_regen;ability_regen_plus;30;65
Specimen_BD_03;Scare Bear;Oso Espantoso;160;1501;328;494;328;494;LEGEND;ability_regen;ability_regen_plus;35;50
Specimen_BD_04;Lady Harpy;Dama Harpia;100;1154;226;340;226;340;LEGEND;ability_weaken;ability_weaken_plus;-20;-30
Specimen_BD_05;Bulldozer;Bulldozer;240;1800;516;774;516;774;LEGEND;ability_regen;ability_regen_plus;30;55
Specimen_BD_06;Mur'Ghoul;Tyrtiduron;190;1912;428;644;428;644;LEGEND;ability_regen;ability_regen_plus;30;55
Specimen_BD_07;The Primal;El Original;180;2622;516;974;516;974;GACHA;ability_regen;ability_regen_plus;30;55
Specimen_BD_08;Runt and Cerebro;Enano y Cerebro;210;1657;471;707;471;707;LEGEND;ability_slash;ability_slash_plus;-20;-50
Specimen_BD_09;Hellmaw;Faucesnegras;140;1499;282;453;282;453;LEGEND;ability_slash;ability_slash_plus;-20;-50
Specimen_BD_10;Waryena;Waryena;290;2222;806;1210;806;1210;LEGEND;ability_slash;ability_slash_plus;-20;-40
Specimen_BD_11;Cooktouille;Cooktouille;250;1920;720;1080;720;1080;LEGEND;ability_slash;ability_slash_plus;-24;-41
Specimen_BD_12;Thanaconda;Thanaconda;230;2093;841;1361;841;1361;LEGEND;ability_weaken;ability_weaken_plus;-28;-40
Specimen_BD_13;Bloodsquito;Sangresquito;130;860;594;885;594;885;LEGEND;ability_slash;ability_slash_plus;-60;-100
Specimen_BD_14;Greensward Rager;Lapin Zombie;215;2386;684;1086;684;1086;LEGEND;ability_retaliate;ability_retaliate_plus;-30;-50
Specimen_BD_15;No Name;No Name;100;1000;100;150;100;150;BASIC;ability_shield;ability_shield_plus;20;30
Specimen_BD_99;Tengu;Tengu;230;1977;491;737;491;737;LEGEND;ability_retaliate;ability_retaliate_plus;-40;-60
Specimen_BE_01;Ghostmonaut;Fantasmonauta;260;1981;576;864;576;864;BINGO;ability_regen;ability_regen_plus;25;48
Specimen_BE_02;Caprika;Caprika;150;1837;531;1055;531;1055;ZODIAC;ability_regen;ability_regen_plus;30;60
Specimen_BE_03;Humongous;Quebrantacuellos;210;1838;473;710;473;710;PVP;ability_regen;ability_regen_plus;30;55
Specimen_BE_04;Commodore Le Shark;Capitan Perla Negra;290;2495;982;1453;982;1453;RECIPE;ability_shield;ability_shield_plus;28;34
Specimen_BE_05;Nyrlatoth;Nyrlatoth;190;1810;420;631;420;631;LEGEND;ability_regen;ability_regen_plus;30;55
Specimen_BE_06;Apophis;Apofis;130;1541;264;395;264;395;LEGEND;ability_slash;ability_slash_plus;-20;-40
Specimen_BE_07;Nezarim;Nezarim;240;1746;590;949;590;949;LEGEND;ability_regen;ability_regen_plus;35;50
Specimen_BE_08;Dug Dario;Dug Dario;220;1929;500;751;500;751;LEGEND;ability_regen;ability_regen_plus;30;55
Specimen_BE_09;Pyrothrope;Pirotropo;220;1924;529;863;529;863;LEGEND;ability_weaken;ability_weaken_plus;-20;-25
Specimen_BE_10;Overkill;Overkill;290;2208;924;1386;924;1386;LEGEND;ability_strengthen;ability_strengthen_plus;25;37
Specimen_BE_11;Oculys;Oculys;250;2171;1113;1669;1113;1669;LEGEND;ability_weaken;ability_weaken_plus;-15;-35
Specimen_BE_12;Ichorous Slime;Gelatina Purulenta;290;3246;708;1112;708;1112;LEGEND;ability_strengthen;ability_strengthen_plus;20;40
Specimen_BE_13;Wormhole Traveler;Viajero de Vortice;275;1503;1766;2588;1766;2588;LEGEND;ability_slash;ability_slash_plus;-15;-20
Specimen_BE_15;The Hunger;El Hambre;260;3120;2430;3941;2430;3941;SEASONAL;ability_regen;ability_regen_plus;20;35
Specimen_BF_01;Baron Lundi;Baron Lundi;200;1750;419;629;419;629;BINGO;ability_regen;ability_regen_plus;30;55
Specimen_BF_02;Lichlock;Mago Tetrico;110;2111;220;331;220;331;PVP;ability_regen;ability_regen_plus;30;54
Specimen_BF_03;Rammerhead;Carnero Vengador;270;2987;883;1551;883;1551;ZODIAC;ability_regen;ability_regen_plus;30;45
Specimen_BF_04;Galactic Emperor;Emperador Galactico;160;2094;361;543;361;543;GACHA;ability_regen;ability_regen_plus;55;80
Specimen_BF_05;Britany;Britany;300;1952;585:AOE;877:AOE;585:AOE;877:AOE;LEGEND;ability_regen;ability_regen_plus;30;48
Specimen_BF_06;The King of Mimphys;El Rey de Mimphys;220;1680;510;766;510;766;LEGEND;ability_strengthen;ability_strengthen_plus;20;48
Specimen_BF_07;Mushbark;Champicorteza;240;1738;575;955;575;955;LEGEND;ability_weaken;ability_weaken_plus;-20;-30
Specimen_BF_08;Van Helsing;Van Helsing;210;1913;519;810;519;810;LEGEND;ability_weaken;ability_weaken_plus;-20;-30
Specimen_BF_09;Calaca;Calaca;270;4348;1469;2204;1469;2204;CAPTAINPEACE;ability_regen;ability_regen_plus;35;50
Specimen_BF_10;The Undertaker;El Enterrador;300;2657;951;1426;951;1426;GACHA;ability_slash;ability_slash_plus;-20;-40
Specimen_BF_11;Acheron;Aqueronte;180;2926;1480;2059;740:AOE;1330:AOE;CAPTAINPEACE;ability_strengthen;ability_strengthen_plus;34;41
Specimen_BF_12;Desecrated Cleric;Clerigo Oscuro;215;2951;685;1027;382:AOE;576:AOE;LEGEND;ability_slash;ability_slash_plus;-25;-50
Specimen_BF_13;Soul Coalescence;Amalgalmas;230;4547;917;1771;917;1771;SEASONAL;ability_retaliate;ability_retaliate_plus;-5;-35
Specimen_BF_14;Irradiance;Irradiancia;290;1861;1514;2184;1514;2184;LEGEND;ability_slash;ability_slash_plus;-60;-100
Specimen_BF_15;No Name;No Name;100;1000;100;150;100;150;BASIC;ability_shield;ability_shield_plus;20;30
Specimen_C_01;Warrior;Guerrero;180;1516;380;571;380;571;BINGO;ability_retaliate;ability_retaliate_plus;-15;-25
Specimen_C_03;Cryonos;Frostmass;250;3265;1064;1597;612:AOE;918:AOE;SEASONAL;ability_retaliate;ability_retaliate_plus;-15;-25
Specimen_C_05;Barbarian;Barbaro;235;2382;877;1405;877;1405;LEGEND;ability_retaliate;ability_retaliate_plus;-20;-40
Specimen_C_13;D'Arathomis;D'Arathomis;160;1794;752;1254;836;836:AOE;HEROIC;ability_weaken;ability_weaken_plus;-15;-20
Specimen_C_14;Gladiator;Gladiador;230;2224;1124;1443;833:AOE;1124:AOE;LEGEND;ability_shield;ability_shield_plus;30;45
Specimen_C_15;No Name;No Name;100;1000;100;150;100;150;BASIC;ability_shield;ability_shield_plus;20;30
Specimen_CA_01;Enforcer;Ejecutor;240;1567;485;728;485;728;BINGO;ability_retaliate;ability_retaliate_plus;-15;-25
Specimen_CA_02;Interceptrix;Interceptrix;140;1189;257;385;257;385;RECIPE;ability_weaken;ability_weaken_plus;-20;-30
Specimen_CA_03;General Chaos;General Caos;190;1464;390;586;390;586;PVP;ability_retaliate;ability_retaliate_plus;-15;-40
Specimen_CA_04;Project X27;Project X27;80;960;157;326;157;326;LEGEND;ability_retaliate;ability_retaliate_plus;-15;-25
Specimen_CA_05;Challengeer;Challengeer;150;1297;595;844;595;844;LEGEND;ability_retaliate;ability_retaliate_plus;-25;-40
Specimen_CA_06;RA-DK-Bot;ERR-ADI-K-Bot;280;2321;830;1376;830;1376;LEGEND;ability_retaliate;ability_retaliate_plus;-15;-25
Specimen_CA_07;Rocky Botboa;Rocky Botboa;310;2931;732;1140;732;1140;LEGEND;ability_shield;ability_shield_plus;20;55
Specimen_CA_08;Makino;Makino;120;931;243;786;243;786;LEGEND;ability_retaliate;ability_retaliate_plus;-15;-25
Specimen_CA_09;Big Bo$$;Big Bo$$;290;4157;1515;2273;1515;2273;CAPTAINPEACE;ability_shield;ability_shield_plus;20;30
Specimen_CA_10;Altaris;Altaris;300;2315;1238;1907;1238;1907;HEROIC;ability_shield;ability_shield_plus;20;35
Specimen_CA_11;The Reef;The Reef;140;1277;577;866;577;866;GACHA;ability_strengthen;ability_strengthen_plus;8;13
Specimen_CA_12;Terracotta General;General Terracota;270;2234;845;1467;464:AOE;797:AOE;LEGEND;ability_strengthen;ability_strengthen_plus;15;25
Specimen_CA_13;Anteros;Anteros;235;3434;976;1669;976;1669;SEASONAL;ability_strengthen;ability_strengthen_plus;17;32
Specimen_CA_14;Breakmaster;Breakmaster;220;2166;1233;2024;870:AOE;1477:AOE;GACHA;ability_retaliate;ability_retaliate_plus;-10;-20
Specimen_CA_15;No Name;No Name;100;1000;100;150;100;150;BASIC;ability_shield;ability_shield_plus;20;30
Specimen_CA_99;Awakened Missy;Missy Despierta;195;2512;1200;2421;1200;2421;CAPTAINPEACE;ability_strengthen;ability_strengthen_plus;10;15
Specimen_CB_01;Blade Banshee;Banshee Guerrera;160;1280;299;450;299;450;BINGO;ability_retaliate;ability_retaliate_plus;-15;-25
Specimen_CB_02;Bushi;Bushi;260;1770;540;811;540;811;RECIPE;ability_slash;ability_slash_plus;-20;-40
Specimen_CB_03;Ragnar;Ragnar;210;1577;455;683;455;683;LEGEND;ability_retaliate;ability_retaliate_plus;-15;-40
Specimen_CB_04;Leonidas;Leonidas;240;1777;516;774;516;774;LEGEND;ability_retaliate;ability_retaliate_plus;-15;-25
Specimen_CB_05;Cupid;Cupido;200;3472;926;1432;926;1432;SEASONAL;ability_retaliate;ability_retaliate_plus;-15;-30
Specimen_CB_06;Scarlett;Artemisa;180;2813;720;1432;720;1432;CAPTAINPEACE;ability_retaliate;ability_retaliate_plus;-25;-45
Specimen_CB_07;The Skeleton King;Rey Esqueleto;160;1670;621;1052;621;1052;HEROIC;ability_regen;ability_regen_plus;30;50
Specimen_CB_08;Wrath;Wrath;270;1463;1120;1690;1120;1690;LEGEND;ability_shield;ability_shield_plus;22;35
Specimen_CB_09;Jane Saw;Jane Saw;240;2174;617;926;617;926;LEGEND;ability_regen;ability_regen_plus;30;45
Specimen_CB_10;Frankendwarf;Frankendwarf;260;2169;720;1080;720;1080;LEGEND;ability_slash;ability_slash_plus;-20;-40
Specimen_CB_11;Dissension;Disension;265;2081;827;1224;575:AOE;874:AOE;LEGEND;ability_regen;ability_regen_plus;10;39
Specimen_CB_12;Cranequin;Ballesto;260;1740;826;1439;826;1239;LEGEND;ability_weaken;ability_weaken_plus;-18;-33
Specimen_CB_13;The Mutiny;El Motin;250;2587;815;1255;815;815:AOE;LEGEND;ability_strengthen;ability_strengthen_plus;15;40
Specimen_CB_14;Fleet Captain Blackbeard;Capitan Barbanegra;290;2511;748;1731;748;1265:AOE;HEROIC;ability_retaliate;ability_retaliate_plus;-25;-40
Specimen_CB_15;No Name;No Name;100;1000;100;150;100;150;BASIC;ability_shield;ability_shield_plus;20;30
Specimen_CC_01;Nordic Knightmare;Caballero Nordico;210;1843;515;774;296:AOE;444:AOE;BINGO;ability_retaliate;ability_retaliate_plus;-15;-40
Specimen_CC_02;Buck Maurice;Buck Maurice;300;2920;996;1508;593:AOE;889:AOE;LEGEND;ability_retaliate;ability_retaliate_plus;-15;-22
Specimen_CC_03;Zena;Zena;90;846;352;501;177:AOE;350:AOE;LEGEND;ability_retaliate;ability_retaliate_plus;-15;-20
Specimen_CC_04;Lara;Lara;110;2851;435;654;251:AOE;375:AOE;VIDEOGAME;ability_retaliate;ability_retaliate_plus;-15;-25
Specimen_CC_05;Shin Hakuho;Shin Hakuho;270;2309;744;1115;428:AOE;643:AOE;PVP;ability_regen;ability_regen_plus;25;38
Specimen_CC_06;El Gringo;El Gringo;100;1395;238;454;134:AOE;203:AOE;PVP;ability_retaliate;ability_retaliate_plus;-20;-25
Specimen_CC_07;Spartac;Spartac;300;4630;1800;2700;899:AOE;1261:AOE;CAPTAINPEACE;ability_slash;ability_slash_plus;-20;-35
Specimen_CC_08;Yokozuna;Yokozuna;130;1594;329;493;189:AOE;281:AOE;PVP;ability_strengthen;ability_strengthen_plus;20;30
Specimen_CC_09;Lancelot;Lancelot;180;1650;954;1431;358:AOE;715:AOE;LEGEND;ability_weaken;ability_weaken_plus;-20;-35
Specimen_CC_10;Urgan;Urgan;260;2406;1126;1599;569:AOE;853:AOE;LEGEND;ability_retaliate;ability_retaliate_plus;-15;-20
Specimen_CC_11;Santagonist;Santagonista;200;4675;1400;1941;700:AOE;1050:AOE;CAPTAINPEACE;ability_retaliate;ability_retaliate_plus;-20;-40
Specimen_CC_12;Scaramouche;Scaramouche;120;915;590;935;386:AOE;713:AOE;LEGEND;ability_strengthen;ability_strengthen_plus;20;25
Specimen_CC_13;Limitless Friendship;Amistad Sin Limites;195;1983;897;1584;677:AOE;1200:AOE;LEGEND;ability_strengthen;ability_strengthen_plus;20;30
Specimen_CC_14;Blue King;Rey Azul;320;2882;944;1441;633:AOE;1014:AOE;GACHA;ability_strengthen;ability_strengthen_plus;40;80
Specimen_CC_15;No Name;No Name;100;1000;100;150;100;150;BASIC;ability_shield;ability_shield_plus;20;30
Specimen_CD_01;Honey Bunny;Honey Bunny;90;1085;181;271;181;271;BINGO;ability_retaliate;ability_retaliate_plus;-15;-20
Specimen_CD_02;Sagittaurius;Sagitauro;200;1855;740;1330;740;1330;ZODIAC;ability_retaliate;ability_retaliate_plus;-15;-30
Specimen_CD_03;Haggis;Haggis;270;1860;641;961;641;961;PVP;ability_retaliate;ability_retaliate_plus;-15;-25
Specimen_CD_04;Battle Toad;Battle Toad;90;1713;177;268;177;268;LEGEND;ability_retaliate;ability_retaliate_plus;-20;-25
Specimen_CD_05;Hog the Ripper;Hog the Ripper;310;4580;1633;2549;1633;2549;CAPTAINPEACE;ability_retaliate;ability_retaliate_plus;-13;-20
Specimen_CD_06;Sir Puggington;Gladiadog;290;3268;699;1049;699;1049;LEGEND;ability_shield;ability_shield_plus;20;35
Specimen_CD_07;Jack Ice;Juan Hielo;290;4154;1188;1782;1188;1782;CAPTAINPEACE;ability_slash;ability_slash_plus;-20;-40
Specimen_CD_08;Drall;Drall;250;2752;668;1002;668;1002;LEGEND;ability_retaliate;ability_retaliate_plus;-15;-25
Specimen_CD_09;Mon-Key Crew;Mon-Key Crew;150;1471;341;897;341;897;LEGEND;ability_retaliate;ability_retaliate_plus;-12;-23
Specimen_CD_10;Men'ki Guard;Guardia Men'ki;110;1350;405;607;405;607;LEGEND;ability_slash;ability_slash_plus;-25;-60
Specimen_CD_11;Sir Bannog;Sir Bannog;180;2127;679;1018;679;1018;LEGEND;ability_slash;ability_slash_plus;-30;-50
Specimen_CD_12;Captain Eagle;Capitan aguila;145;3494;1012;1520;1012;1520;CAPTAINPEACE;ability_retaliate;ability_retaliate_plus;-20;-30
Specimen_CD_13;Bearsikk Siklaest;Bearsikk Sikleast;270;2544;815;1599;815;1599;LEGEND;ability_shield;ability_shield_plus;12;33
Specimen_CD_14;Don Gamberetti;Don Gamberetti;260;1972;1277;1972;1277;1972;HEROIC;ability_shield;ability_shield_plus;30;45
Specimen_CD_15;No Name;No Name;100;1000;100;150;100;150;BASIC;ability_shield;ability_shield_plus;20;30
Specimen_CE_01;Martian Marauder;Marciano Errante;115;1109;210;345;210;345;BINGO;ability_retaliate;ability_retaliate_plus;-15;-25
Specimen_CE_02;Geminium;Geminium;230;2503;706;1060;706;1060;ZODIAC;ability_retaliate;ability_retaliate_plus;-15;-40
Specimen_CE_03;Galactic Guardian;Guardian Galactico;290;1780;650;975;650;975;LEGEND;ability_retaliate;ability_retaliate_plus;-15;-25
Specimen_CE_04;Apex;Zortrex;180;1610;201;315;201;315;LEGEND;ability_strengthen;ability_strengthen_plus;90;130
Specimen_CE_05;Sun-Duke;Sun-Duke;158;1405;531;996;531;966;GACHA;ability_weaken;ability_weaken_plus;-20;-30
Specimen_CE_06;Iron Eagle;Tomahawk;160;1337;328;493;328;318:AOE;LEGEND;ability_retaliate;ability_retaliate_plus;-15;-25
Specimen_CE_07;Aran;Aran;230;1423;895;1494;895;1494;HEROIC;ability_weaken;ability_weaken_plus;-20;-30
Specimen_CE_08;Nameless King;El Rey sin Nombre;215;1551;622;933;622;933;LEGEND;ability_strengthen;ability_strengthen_plus;20;37
Specimen_CE_09;Tsar Bomba;Zar Bomba;230;1867;608;911;608;911;LEGEND;ability_retaliate;ability_retaliate_plus;-15;-40
Specimen_CE_10;Captain Achabe;Capitan Achabe;130;3950;667;1130;667;1130;CAPTAINPEACE;ability_retaliate;ability_retaliate_plus;-13;-20
Specimen_CE_11;Chun-Lei;Chun-Lei;100;875;280;535;280;535;LEGEND;ability_strengthen;ability_strengthen_plus;21;27
Specimen_CE_12;Regulo&Juzya;Regulo&Juzya;170;2560;1240;2480;1240;2480;SEASONAL;ability_retaliate;ability_retaliate_plus;-10;-20
Specimen_CE_13;Atlas;Atlas;235;2331;1033;1542;1033;1542;HEROIC;ability_strengthen;ability_strengthen_plus;15;35
Specimen_CE_14;Cosmic Dandy;Dandy Cósmico;170;1144;1232:AOE;1232:AOE;1232:AOE;1232:AOE;LEGEND;ability_strengthen;ability_strengthen_plus;15;25
Specimen_CE_15;No Name;No Name;100;1000;100;150;100;150;BASIC;ability_shield;ability_shield_plus;20;30
Specimen_CE_99;Kolossus;Kolossus;285;5780;1672;2508;1672;2508;CAPTAINPEACE;ability_retaliate;ability_retaliate_plus;-8;-12
Specimen_CF_01;Valkyrie;Valkiria;200;1556;417;625;417;625;BINGO;ability_retaliate;ability_retaliate_plus;-15;-44
Specimen_CF_02;Thor;Thor;290;1917;700;1050;700;1050;LEGEND;ability_retaliate;ability_retaliate_plus;-15;-25
Specimen_CF_03;Tinker Blade;Hada Machete;110;746;220;746;220;746;LEGEND;ability_retaliate;ability_retaliate_plus;-15;-25
Specimen_CF_04;Azog;Azog;250;1976;948;1468;948;1468;LEGEND;ability_retaliate;ability_retaliate_plus;-15;-20
Specimen_CF_05;Akuso Monk;Monje Akuso;140;1511;292;438;292;438;LEGEND;ability_slash;ability_slash_plus;-20;-40
Specimen_CF_06;Uncle Sam;Tio Sam;270;3469;1197;1856;1197;1856;SEASONAL;ability_retaliate;ability_retaliate_plus;-15;-25
Specimen_CF_07;Big Santa;Mega Claus;210;3306;946;1418;946;1418;SEASONAL;ability_retaliate;ability_retaliate_plus;-20;-35
Specimen_CF_08;Wynn;Wynn;300;2095;723;1285;723;1285;LEGEND;ability_regen;ability_regen_plus;27;41
Specimen_CF_09;The Keymaster;Amo de las Llaves;280;1860;898;1440;898;1440;LEGEND;ability_retaliate;ability_retaliate_plus;-30;-50
Specimen_CF_10;Arelvam;Arelvam;120;1977;305;456;305;456;LEGEND;ability_retaliate;ability_retaliate_plus;-15;-30
Specimen_CF_11;Caliburn EX;Caliburn EX;235;4724;1645;2366;1645;2366;CAPTAINPEACE;ability_slash;ability_slash_plus;-10;-15
Specimen_CF_12;Inheritor of the 5 rings;Heredero de los 5 anillos;245;2996;989;1483;989;1483;HEROIC;ability_strengthen;ability_strengthen_plus;8;15
Specimen_CF_13;Son of the Storm;Hijo de la Tormenta;155;2032;797;1236;797;1272;LEGEND;ability_retaliate;ability_retaliate_plus;-15;-25
Specimen_CF_14;Ice Dancer Yria;Hielo Patinadora Yria;95;760;451;916;451;916;LEGEND;ability_slash;ability_slash_plus;-35;-70
Specimen_CF_15;No Name;No Name;100;1000;100;150;100;150;BASIC;ability_shield;ability_shield_plus;20;30
Specimen_CF_99;True Hero Reed;Reed, El Verdadero Heroe;245;3597;855:AOE;1349:AOE;855:AOE;1349:AOE;CAPTAINPEACE;ability_retaliate;ability_retaliate_plus;-20;-35
Specimen_D_01;Beast;Bestia;200;1613;426;640;426;640;BINGO;ability_slash;ability_slash_plus;-20;-30
Specimen_D_03;Easter Gunny;Rambit;240;4218;1414;2123;708:AOE;1061:AOE;SEASONAL;ability_slash;ability_slash_plus;-20;-30
Specimen_D_12;Howlosaurus;Aullosaurio;300;2158;585:AOE;928:AOE;924;1470;LEGEND;ability_slash;ability_slash_plus;-22;-40
Specimen_D_13;Sasquatch;Sasquatch;260;1988;993;1493;633:AOE;896:AOE;HEROIC;ability_slash;ability_slash_plus;-25;-50
Specimen_D_15;No Name;No Name;100;1000;100;150;100;150;BASIC;ability_shield;ability_shield_plus;20;30
Specimen_DA_01;ReptoÃ¯d;Reptoide;150;1492;298;485;298;485;BINGO;ability_slash;ability_slash_plus;-20;-40
Specimen_DA_02;Arachno;Aracno;270;2208;641;808;641;808;PVP;ability_slash;ability_slash_plus;-20;-80
Specimen_DA_03;Mantidroid;Mantidroide;220;1755;475;981;475;981;RECIPE;ability_regen;ability_regen_plus;25;42
Specimen_DA_04;Rhino Squadron;Escuadron Rhino;250;1953;585;878;585;878;LEGEND;ability_slash;ability_slash_plus;-20;-40
Specimen_DA_05;Fennec Plus Ultra;Fenec Plus Ultra;170;1777;368;553;368;553;LEGEND;ability_slash;ability_slash_plus;-20;-45
Specimen_DA_06;Tricera Tank;Triceratanque;310;1973;758;1237;758;1237;LEGEND;ability_strengthen;ability_strengthen_plus;20;40
Specimen_DA_07;Pugnisher;Carlingger;79;1384;185;278;185;278;LEGEND;ability_regen;ability_regen_plus;30;40
Specimen_DA_08;Asaylan;Asaylan;200;1266;805;1206;805;1206;HEROIC;ability_slash;ability_slash_plus;-50;-100
Specimen_DA_09;Sound Killah;Sound Killah;290;2136;1358;2009;1358;2009;GACHA;ability_strengthen;ability_strengthen_plus;20;30
Specimen_DA_10;Hawkeye;Hawkeye;140;1408;334;643;334;643;LEGEND;ability_slash;ability_slash_plus;-20;-45
Specimen_DA_11;The An0maly;An0malie;120;1672;264;672;325;715;LEGEND;ability_shield;ability_shield_plus;12;36
Specimen_DA_12;Data Snail;Tecnocaracol;275;2995;1085;1629;1085;1629;LEGEND;ability_shield;ability_shield_plus;25;50
Specimen_DA_13;Dreaming Anthroborg;Antropobot Soñador;255;2642;634;971;634;971;LEGEND;ability_strengthen;ability_strengthen_plus;30;45
Specimen_DA_14;B.U.N. Overmind;B.U.N. Genio;135;2999;930;1755;930;1755;SEASONAL;ability_slash;ability_slash_plus;15;25
Specimen_DA_15;No Name;No Name;100;1000;100;150;100;150;BASIC;ability_shield;ability_shield_plus;20;30
Specimen_DB_01;Cerberus;Cerbero;170;1485;320;481;320;481;BINGO;ability_slash;ability_slash_plus;-20;-55
Specimen_DB_02;Zombat;Zombat;85;1145;162;243;162;243;PVP;ability_slash;ability_slash_plus;-20;-80
Specimen_DB_03;Cobrakai;Cobrakai;260;1856;569;854;569;854;LEGEND;ability_slash;ability_slash_plus;-20;-40
Specimen_DB_04;Louis XVI;Louis XVI;220;3210;979;1572;979;1572;SEASONAL;ability_slash;ability_slash_plus;-20;-40
Specimen_DB_05;Brawler;Brawler;290;3152;1150;1727;1150;1727;VIDEOGAME;ability_strengthen;ability_strengthen_plus;20;30
Specimen_DB_06;Breaver;Casto;140;1253;271;407;271;407;LEGEND;ability_retaliate;ability_retaliate_plus;-15;-25
Specimen_DB_07;Lord Dragon;Señor Dragon;95;995;207;303;207;303;HEROIC;ability_slash;ability_slash_plus;-25;-85
Specimen_DB_08;Deadnosaur;Tiranozomb;280;2032;715;1423;715;1423;LEGEND;ability_slash;ability_slash_plus;-20;-40
Specimen_DB_09;Horax;Horax;260;2028;673;1010;673;1010;LEGEND;ability_slash;ability_slash_plus;-20;-40
Specimen_DB_10;Buffalor;Buffalor;280;2030;923;1417;923;1417;LEGEND;ability_slash;ability_slash_plus;-20;-40
Specimen_DB_11;Piwisher;Piwisher;300;4072;1450;2175;1450;2175;CAPTAINPEACE;ability_slash;ability_slash_plus;-18;-27
Specimen_DB_12;Great Tunnelworm;Gran Gusano de los Tuneles;290;4021;1182;1773;1182;1773;CAPTAINPEACE;ability_regen;ability_regen_plus;25;50
Specimen_DB_13;The Bleaching;El Descolorido;235;2413;1033;1551;1033;1551;LEGEND;ability_retaliate;ability_retaliate_plus;-15;-35
Specimen_DB_14;The Crawling Madness;La Locura Reptante;280;3987;954;1778;954;986:AOE;SEASONAL;ability_slash;ability_slash_plus;-15;-40
Specimen_DB_15;No Name;No Name;100;1000;100;150;100;150;BASIC;ability_shield;ability_shield_plus;20;30
Specimen_DC_01;Rakshasa;Rakshasa;140;1444;275;414;275;414;BINGO;ability_slash;ability_slash_plus;-20;-50
Specimen_DC_02;Leohart;Leohart;240;2155;799;1314;799;1314;ZODIAC;ability_slash;ability_slash_plus;-20;-45
Specimen_DC_03;Gargantus;Gargantus;210;1914;501;802;501;802;GACHA;ability_slash;ability_slash_plus;-50;-75
Specimen_DC_04;CÃ©zanne;Cezanne;290;1917;700;1250;700;1250;LEGEND;ability_slash;ability_slash_plus;-20;-37
Specimen_DC_05;Monkey King;Rey Mono;160;1605;342;515;342;515;LEGEND;ability_slash;ability_slash_plus;-20;-40
Specimen_DC_06;Grannyvore;Comeabuelas;270;2330;733;1151;733;1151;LEGEND;ability_regen;ability_regen_plus;25;38
Specimen_DC_07;Noren;Noren;260;4338;1460;2194;1460;2194;CAPTAINPEACE;ability_slash;ability_slash_plus;-20;-30
Specimen_DC_08;Sanik;Sanik;170;2369;367;551;367;551;LEGEND;ability_slash;ability_slash_plus;-40;-60
Specimen_DC_09;Master Shinzo;Maestro Shinzo;120;1563;269;406;269;406;LEGEND;ability_slash;ability_slash_plus;-20;-40
Specimen_DC_10;Krampus;Krampus;220;2111;624;935;624;935;LEGEND;ability_retaliate;ability_retaliate_plus;-15;-40
Specimen_DC_11;Spada;Spada;140;1690;422;633;422;633;LEGEND;ability_slash;ability_slash_plus;-22;-40
Specimen_DC_12;Harebrained Underminer;Zapador de Madrigueras;160;2453;1344;2316;1344;2316;SEASONAL;ability_slash;ability_slash_plus;-10;-40
Specimen_DC_13;Sawmetrodon;Sierrametrodon;285;2463;1162;1844;1162;1844;LEGEND;ability_slash;ability_slash_plus;-25;-42
Specimen_DC_14;Jurassic Terror;Terror Jurasico;290;3877;1527;2047;1527;2047;CAPTAINPEACE;ability_slash;ability_slash_plus;-30;-60
Specimen_DC_15;No Name;No Name;100;1000;100;150;100;150;BASIC;ability_shield;ability_shield_plus;20;30
Specimen_DD_01;Kaiju Kitty;Kaiju Kitty;180;1859;431;646;248:AOE;373:AOE;BINGO;ability_slash;ability_slash_plus;-20;-50
Specimen_DD_02;Master Splitter;Maestro Splitter;260;2120;711;1068;409:AOE;614:AOE;PVP;ability_slash;ability_slash_plus;-20;-40
Specimen_DD_03;Psychoboar;Psicojabali;120;1803;283;425;164:AOE;245:AOE;LEGEND;ability_slash;ability_slash_plus;-20;-40
Specimen_DD_04;Cernunnos;Cernunnos;210;1924;549;824;315:AOE;475:AOE;LEGEND;ability_slash;ability_slash_plus;-20;-50
Specimen_DD_05;Dilophoraptor;Pejelagarto;115;1003;283;644;164:AOE;322:AOE;PVP;ability_slash;ability_slash_plus;-20;-40
Specimen_DD_06;Kangaboo;Mama Kangu;140;1566;339;509;214:AOE;335:AOE;PVP;ability_weaken;ability_weaken_plus;-20;-30
Specimen_DD_07;Baloonies;Globomono;160;1764;454;684;260:AOE;391:AOE;LEGEND;ability_slash;ability_slash_plus;-20;-40
Specimen_DD_08;Rhinotaure;Rinotauro;250;3134;668;1053;334:AOE;650:AOE;LEGEND;ability_slash;ability_slash_plus;-15;-25
Specimen_DD_09;Mister T-Ger;Mister T-Ger;130;1754;329;493;195:AOE;296:AOE;PVP;ability_slash;ability_slash_plus;-20;-40
Specimen_DD_10;Kameo;Kameo;120;1710;416;628;245:AOE;374:AOE;LEGEND;ability_slash;ability_slash_plus;-20;-45
Specimen_DD_11;Abyssal Terror;Terror Abisal;150;1973;561;1041;323:AOE;783:AOE;LEGEND;ability_slash;ability_slash_plus;-30;-50
Specimen_DD_12;Solar Lampyrion;Lampyrion Solar;160;4720;1095;1643;548:AOE;821:AOE;CAPTAINPEACE;ability_shield;ability_shield_plus;25;40
Specimen_DD_13;Lama Sensei;Llama Sensei;150;1859;463:AOE;822:AOE;812;1332;LEGEND;ability_strengthen;ability_strengthen_plus;15;35
Specimen_DD_14;Bestial Overlord;Señor Bestial;280;2441;977;1488;695:AOE;1182:AOE;LEGEND;ability_retaliate;ability_retaliate_plus;-20;-40
Specimen_DD_15;No Name;No Name;100;1000;100;150;100;150;BASIC;ability_shield;ability_shield_plus;20;30
Specimen_DE_01;Parasite Queen;Reina Parasita;130;1316;231;347;231;347;BINGO;ability_slash;ability_slash_plus;-20;-70
Specimen_DE_02;Cosmo Kong;Cosmo Kong;230;1762;491;737;491;737;LEGEND;ability_slash;ability_slash_plus;-20;-50
Specimen_DE_03;Slashog;Armadizo;100;1204;182;275;182;275;PVP;ability_slash;ability_slash_plus;-20;-70
Specimen_DE_04;Genshiryoku;Genshiryoku;280;1613;822;1534;822;1534;LEGEND;ability_slash;ability_slash_plus;-20;-35
Specimen_DE_05;Exo Cookie;Exo Cookie;300;2230;696;1046;696;1046;LEGEND;ability_slash;ability_slash_plus;-20;-50
Specimen_DE_06;Darwin;Darwin;170;3315;718;1088;718;1088;CAPTAINPEACE;ability_strengthen;ability_strengthen_plus;22;38
Specimen_DE_07;Captain Turk E.;Capitan Gluglu;185;1926;456;684;456;684;LEGEND;ability_slash;ability_slash_plus;-15;-33
Specimen_DE_08;Cosmopandas;Cosmopandas;110;1023;199;585;199;585;LEGEND;ability_strengthen;ability_strengthen_plus;20;30
Specimen_DE_09;Zigmo;Zigmo;120;1467;219;329;219;329;LEGEND;ability_slash;ability_slash_plus;-20;-55
Specimen_DE_10;Mad Mike;Mad Mike;160;1591;611;917;611;917;HEROIC;ability_slash;ability_slash_plus;-25;-45
Specimen_DE_11;Drei Space Corgi;Drei, Space Corgi;180;2124;584;1072;584;1072;LEGEND;ability_slash;ability_slash_plus;-12;-40
Specimen_DE_12;Leviathan;Leviatan;240;2357;955;1433;549:AOE;823:AOE;LEGEND;ability_retaliate;ability_retaliate_plus;-15;-25
Specimen_DE_13;Oryctolagus Alienicus;Oryctolagus Exobioicus;125;2461;685;1648;685;1648;SEASONAL;ability_weaken;ability_weaken_plus;-15;-20
Specimen_DE_14;Supermassive Infinity;Infinito Supermasivo;265;4666;1277;1994;1277;1994;CAPTAINPEACE;ability_regen;ability_regen_plus;-30;-60
Specimen_DE_15;Stellar Shepard;Estrellador Telurico;280;5011;1843;2621;1843;2621;SEASONAL;ability_shield;ability_shield_plus;40;60
Specimen_DF_01;Dracus Nobilis;Dracus Nobilis;300;1882;639;960;639;960;BINGO;ability_slash;ability_slash_plus;-20;-40
Specimen_DF_02;Satyr Shaman;Satiro Hechicero;150;1457;295;444;295;444;PVP;ability_slash;ability_slash_plus;-20;-50
Specimen_DF_03;Absolem;Absolem;220;1772;481;721;481;721;LEGEND;ability_slash;ability_slash_plus;-20;-50
Specimen_DF_04;Kontiki;Miroku;270;2287;595;892;595;892;LEGEND;ability_slash;ability_slash_plus;-20;-90
Specimen_DF_05;Dragons' Mother;Madre de los Dragones;125;1050;584;876;584;876;LEGEND;ability_weaken;ability_weaken_plus;-10;-15
Specimen_DF_06;Saber;Sable;190;3187;848;1272;848;1272;CAPTAINPEACE;ability_slash;ability_slash_plus;-20;-40
Specimen_DF_07;The Chimera;Quimera;270;1832;887;1626;887;1626;LEGEND;ability_retaliate;ability_retaliate_plus;-15;-25
Specimen_DF_08;Chantecler;Chantecler;280;1982;987;1381;987;1381;HEROIC;ability_slash;ability_slash_plus;-20;-40
Specimen_DF_09;Quetzalcoatl;Quetzalcoatl;200;1746;437;657;437;657;LEGEND;ability_slash;ability_slash_plus;-20;-50
Specimen_DF_10;Gwenn;Gwenn;150;1847;353;532;353;532;LEGEND;ability_strengthen;ability_strengthen_plus;20;32
Specimen_DF_11;Chocolem;Chocolem;250;3487;1309;1964;1309;1964;CAPTAINPEACE;ability_regen;ability_regen_plus;20;30
Specimen_DF_12;Basilisc&Tarragon;Basilisco y Esdragon;310;3333;921;1381;921;1381;GACHA;ability_regen;ability_regen_plus;25;38
Specimen_DF_13;Frozen Emperor;Emperador Helado;220;1974;770;1496;770;1155:AOE;LEGEND;ability_shield;ability_shield_plus;30;45
Specimen_DF_15;No Name;No Name;100;1000;100;150;100;150;BASIC;ability_shield;ability_shield_plus;20;30
Specimen_DF_99;Genimal;Genimal;100;2542;370;631;370;631;CAPTAINPEACE;ability_slash;ability_slash_plus;-20;-35
Specimen_E_01;Alien;Extraterrestre;90;1049;165;250;165;250;BINGO;ability_strengthen;ability_strengthen_plus;20;30
Specimen_E_03;Ceres;Ceres;79;1455;155;255;90:AOE;134:AOE;LEGEND;ability_strengthen;ability_strengthen_plus;20;25
Specimen_E_12;Sidereal Explorer;Explorador Sideral;220;1753;527:AOE;891:AOE;542:AOE;911:AOE;LEGEND;ability_strengthen;ability_strengthen_plus;15;30
Specimen_E_13;Stargazer;Astrobservador;180;1585;833;1454;541:AOE;833:AOE;HEROIC;ability_weaken;ability_weaken_plus;-20;-30
Specimen_E_14;Spiraxia;Spiraxia;245;2055;944;1363;654:AOE;976:AOE;LEGEND;ability_regen;ability_regen_plus;35;50
Specimen_E_15;No Name;No Name;100;1000;100;150;100;150;BASIC;ability_shield;ability_shield_plus;20;30
Specimen_EA_01;Planet Cleaner;Aniquilador;280;1802;632;950;632;950;BINGO;ability_strengthen;ability_strengthen_plus;20;30
Specimen_EA_02;Sentry;Sentry;160;1445;342;515;342;515;LEGEND;ability_strengthen;ability_strengthen_plus;20;30
Specimen_EA_03;Exo Fish;Exopez;115;1665;381;731;381;731;ZODIAC;ability_strengthen;ability_strengthen_plus;22;40
Specimen_EA_04;Brick McGole;Brick McGole;150;1397;318;478;318;478;LEGEND;ability_strengthen;ability_strengthen_plus;20;30
Specimen_EA_05;King Steven;Rey Steven;180;1695;435;684;435;684;LEGEND;ability_retaliate;ability_retaliate_plus;-15;-40
Specimen_EA_06;Krunk;Krunk;240;1803;568;853;568;853;LEGEND;ability_strengthen;ability_strengthen_plus;20;30
Specimen_EA_07;Captain Patriot;Capitan Patriota;210;2726;479;777;479;719;LEGEND;ability_shield;ability_shield_plus;23;38
Specimen_EA_08;Lady Liberty;Lady Libertad;260;3665;1228;1842;1228;1842;SEASONAL;ability_strengthen;ability_strengthen_plus;20;30
Specimen_EA_09;Captain Gorn;Capitan Gorn;170;1836;400;600;400;600;LEGEND;ability_slash;ability_slash_plus;-20;-50
Specimen_EA_10;Space Surfer;Surfista del Espacio;260;4455;1638;2407;1638;2407;CAPTAINPEACE;ability_strengthen;ability_strengthen_plus;13;20
Specimen_EA_11;Dreadnought;Dreadnought;275;4488;1511;2266;1511;2266;CAPTAINPEACE;ability_shield;ability_shield_plus;25;50
Specimen_EA_12;Fix-o-Drone LLK-215;Bricodron LLK-215;190;1986;727;1135;727;1135;LEGEND;ability_slash;ability_slash_plus;-20;-35
Specimen_EA_13;Space Pilgrim;Peregrino Espacial;170;1872;761;1244;761;984:AOE;LEGEND;ability_strengthen;ability_strengthen_plus;15;32
Specimen_EA_14;D.A.B;D.A.B.;270;3148;828;1244;828;1244;LEGEND;ability_retaliate;ability_retaliate_plus;-20;-35
Specimen_EA_15;Kereon of the Abyss;Kereon del Abismo;100;1000;100;150;100;150;BASIC;ability_shield;ability_shield_plus;20;30
Specimen_EA_99;Celsius Thermoid;Termodroide Celsius;235;4755;984:AOE;2004:AOE;984:AOE;2004:AOE;CAPTAINPEACE;ability_strengthen;ability_strengthen_plus;20;45
Specimen_EB_01;Tutti Gooey;Tutti Viscosi;230;1648;499;749;499;749;BINGO;ability_strengthen;ability_strengthen_plus;20;35
Specimen_EB_02;Sirenia;Sirenia;130;1295;269;473;269;473;PVP;ability_strengthen;ability_strengthen_plus;20;40
Specimen_EB_03;The Devourer;Devorador;290;2073;637;1084;637;1084;RECIPE;ability_shield;ability_shield_plus;20;30
Specimen_EB_04;Ghost Killer;Matafantasmas;150;1648;375;563;375;563;LEGEND;ability_strengthen;ability_strengthen_plus;20;30
Specimen_EB_05;Undead Soldier;Marine Muerto;270;1860;871;1246;871;1246;LEGEND;ability_strengthen;ability_strengthen_plus;20;30
Specimen_EB_06;Garlog;Garlog;225;1963;861;1316;861;1316;GACHA;ability_strengthen;ability_strengthen_plus;30;45
Specimen_EB_07;Starminator;Starminator;175;1794;388;633;388;633;LEGEND;ability_strengthen;ability_strengthen_plus;20;35
Specimen_EB_08;Dr. Nucleus;Dr. Nucleus;260;4234;1518;2227;1518;2227;CAPTAINPEACE;ability_strengthen;ability_strengthen_plus;20;30
Specimen_EB_09;Queen Sylvidra;Reina Sylvidra;280;2302;699;1148;699;1148;HEROIC;ability_regen;ability_regen_plus;40;60
Specimen_EB_10;Gakarian;Gakarian;155;1939;458;717;458;717;LEGEND;ability_strengthen;ability_strengthen_plus;20;30
Specimen_EB_11;Aubraea Mutantula;Aubraea Mutantula;180;1985;528;892;528;892;LEGEND;ability_regen;ability_regen_plus;27;45
Specimen_EB_12;Starfarer Medic;Medico Astral;150;1891;447;1015;447;1015;PVP;ability_strengthen;ability_strengthen_plus;10;38
Specimen_EB_13;Xinomas;Xinomas;190;3779;910;1832;910;1832;CAPTAINPEACE;ability_shield;ability_shield_plus;24;30
Specimen_EB_15;No Name;No Name;100;1000;100;150;100;150;BASIC;ability_shield;ability_shield_plus;20;30
Specimen_EB_99;Diablo;Diablo;300;3874;1594;2394;1594;2394;CAPTAINPEACE;ability_strengthen;ability_strengthen_plus;20;30
Specimen_EC_01;Bounty Bug;Sundance Bug;190;1403;366;549;366;549;BINGO;ability_strengthen;ability_strengthen_plus;20;35
Specimen_EC_02;Behemoth;Behemoth;280;1753;622;934;622;934;PVP;ability_strengthen;ability_strengthen_plus;20;30
Specimen_EC_03;Star Trooper;Star Trooper;90;1184;233;367;233;367;LEGEND;ability_strengthen;ability_strengthen_plus;16;24
Specimen_EC_04;Santactopus;Santactopus;170;2595;639;959;639;959;SEASONAL;ability_strengthen;ability_strengthen_plus;20;30
Specimen_EC_05;Space Hunter;Cazador Espacial;230;1802;691;1037;691;1037;LEGEND;ability_strengthen;ability_strengthen_plus;20;27
Specimen_EC_06;Zeus;Zeus;90;940;471;639;471;639;GACHA;ability_strengthen;ability_strengthen_plus;25;40
Specimen_EC_07;Starscream;Falcon;250;1622;751;1374;751;1374;LEGEND;ability_weaken;ability_weaken_plus;-20;-30
Specimen_EC_08;Spectre;Espectra;120;687;533;852;533;852;HEROIC;ability_strengthen;ability_strengthen_plus;22;33
Specimen_EC_09;Shieldcalibur;Excaliduro;210;2011;519;780;519;780;LEGEND;ability_retaliate;ability_retaliate_plus;-15;-40
Specimen_EC_10;Gamallia;Gamallia;200;1385;660;1005;660;1005;LEGEND;ability_strengthen;ability_strengthen_plus;20;32
Specimen_EC_11;Veren Kaeesu;Veren Kaeesu;170;2731;1194;1891;1194;1891;CAPTAINPEACE;ability_strengthen;ability_strengthen_plus;25;32
Specimen_EC_12;Stellarian Lithominer;Litominero Stellariano;200;2134;959;1538;959;1538;LEGEND;ability_weaken;ability_weaken_plus;-10;-15
Specimen_EC_13;Hekatoncheiros;Hekantocheiros;295;2425;1078;1842;1078;1842;LEGEND;ability_retaliate;ability_retaliate_plus;-20;-35
Specimen_EC_15;No Name;No Name;100;1000;100;150;100;150;BASIC;ability_shield;ability_shield_plus;20;30
Specimen_ED_01;Xenos;Xenos;120;1151;232;350;232;350;BINGO;ability_strengthen;ability_strengthen_plus;20;30
Specimen_ED_02;Shell Shock;Rocageno;220;1570;465;699;465;699;PVP;ability_strengthen;ability_strengthen_plus;20;35
Specimen_ED_03;Wampara;Wampara;250;1714;557;836;557;836;LEGEND;ability_strengthen;ability_strengthen_plus;20;30
Specimen_ED_04;Rakk 'n' Ruin;Mapach Wik;80;1669;355;515;355;515;CAPTAINPEACE;ability_strengthen;ability_strengthen_plus;25;40
Specimen_ED_05;Crawlorax;Acarius;280;1813;813;1379;813;1379;LEGEND;ability_strengthen;ability_strengthen_plus;20;30
Specimen_ED_06;Kitty Perry;Mau-Jack;150;1227;311;466;311;466;LEGEND;ability_strengthen;ability_strengthen_plus;20;30
Specimen_ED_07;Paramic;Paramic;120;1634;220;332;220;332;LEGEND;ability_regen;ability_regen_plus;30;50
Specimen_ED_08;Sgt. Pandamonium;Sgt. Pandamonium;140;1526;425;637;425;637;LEGEND;ability_slash;ability_slash_plus;-20;-40
Specimen_ED_09;Rox McRain;Rox McRain;120;1397;264;396;264;396;LEGEND;ability_strengthen;ability_strengthen_plus;20;30
Specimen_ED_10;Angry Pork;Angry Pork;230;1977;566;954;566;954;LEGEND;ability_shield;ability_shield_plus;20;40
Specimen_ED_11;Owlock;Owlock;240;1999;830;1398;830;1398;LEGEND;ability_retaliate;ability_retaliate_plus;-15;-30
Specimen_ED_12;Ammonia Atlantica;Ammonia Atlantica;220;2105;947;1387;947;1387;LEGEND;ability_strengthen;ability_strengthen_plus;20;38
Specimen_ED_13;Medinosaur;Medinosaurio;160;1675;1023;1511;1023;1511;LEGEND;ability_slash;ability_slash_plus;-15;-30
Specimen_ED_14;Hydrydra;Hidrira;290;2855;1477;1933;966:AOE;1477:AOE;LEGEND;ability_shield;ability_shield_plus;25;30
Specimen_ED_15;No Name;No Name;100;1000;100;150;100;150;BASIC;ability_shield;ability_shield_plus;20;30
Specimen_ED_99;Ctopy;Octopia;280;4497;1034;1577;525:AOE;788:AOE;CAPTAINPEACE;ability_strengthen;ability_strengthen_plus;25;45
Specimen_EE_01;Astro Surfer;Astrosurfista;260;2025;671;1006;385:AOE;579:AOE;BINGO;ability_strengthen;ability_strengthen_plus;20;30
Specimen_EE_02;Supernovus;Supernovus;190;1830;488;733;280:AOE;420:AOE;PVP;ability_strengthen;ability_strengthen_plus;20;35
Specimen_EE_03;Master Oida;Maestro Oida;140;1568;339;509;195:AOE;291:AOE;LEGEND;ability_strengthen;ability_strengthen_plus;20;30
Specimen_EE_04;Flying Jordson;Flying Jordson;220;1963;581;874;335:AOE;501:AOE;LEGEND;ability_strengthen;ability_strengthen_plus;20;35
Specimen_EE_05;Selendis;Jhingal;120;1444;281;551;161:AOE;275:AOE;PVP;ability_strengthen;ability_strengthen_plus;20;30
Specimen_EE_06;Rakkti Queen;Reina Rakkti;200;2033;510;765;294:AOE;440:AOE;LEGEND;ability_strengthen;ability_strengthen_plus;20;35
Specimen_EE_07;Marship Mallow;Astro Gummy;150;1756;361;543;208:AOE;310:AOE;PVP;ability_strengthen;ability_strengthen_plus;20;30
Specimen_EE_08;Golemagnus;Golemagnus;290;2415;800;1201;459:AOE;690:AOE;LEGEND;ability_strengthen;ability_strengthen_plus;20;30
Specimen_EE_09;Megastral;Megastral;280;2539;900;1351;451:AOE;675:AOE;LEGEND;ability_strengthen;ability_strengthen_plus;20;30
Specimen_EE_10;Extra Terrorcycle;E.T.-Liot;140;2125;469;703;270:AOE;404:AOE;LEGEND;ability_weaken;ability_weaken_plus;-28;-42
Specimen_EE_11;Gestalt Asteroid;Asteroide Gestalt;160;2419;721;1443;721;721:AOE;LEGEND;ability_regen;ability_regen_plus;15;40
Specimen_EE_12;Polaris;Polaris;190;3935;831;2231;604:AOE;1649:AOE;CAPTAINPEACE;ability_shield;ability_shield_plus;15;48
Specimen_EE_13;Orbital Nexus;Nexo Orbital;255;2566;1184;1661;821:AOE;1234:AOE;HEROIC;ability_shield;ability_shield_plus;32;48
Specimen_EE_15;No Name;No Name;100;1000;100;150;100;150;BASIC;ability_shield;ability_shield_plus;20;30
Specimen_EE_99;Irreality Animus;Animus de Irrealidad;150;4578;1109;1663;554:AOE;831:AOE;CAPTAINPEACE;ability_regen;ability_regen_plus;20;30
Specimen_EF_01;Nebulon;Nebulon;170;1318;322;484;322;484;BINGO;ability_strengthen;ability_strengthen_plus;20;35
Specimen_EF_02;Mr Marvelous;Mr Marvelous;200;2986;438;616;438;616;GACHA;ability_strengthen;ability_strengthen_plus;30;60
Specimen_EF_03;Aquapunzel;Aquapunzel;275;3089;858;1288;858;1288;ZODIAC;ability_strengthen;ability_strengthen_plus;20;35
Specimen_EF_04;Mephisto;Mephisto;135;1329;268;666;268;666;LEGEND;ability_strengthen;ability_strengthen_plus;20;30
Specimen_EF_05;Kraken;Kraken;260;1405;1387;2081;1387;2081;LEGEND;ability_regen;ability_regen_plus;25;30
Specimen_EF_06;Mandor;Mandor;170;1417;489;734;489;734;LEGEND;ability_strengthen;ability_strengthen_plus;22;40
Specimen_EF_07;Kal Wayne;Kal Wayne;220;1887;497;746;497;746;LEGEND;ability_strengthen;ability_strengthen_plus;20;32
Specimen_EF_08;Seiyatsu;Seiyatsu;100;2183;381;872;381;872;CAPTAINPEACE;ability_retaliate;ability_retaliate_plus;-17;-25
Specimen_EF_09;Mage Ryzafredd;Mago Ryzafredd;240;1864;590;884;590;884;LEGEND;ability_strengthen;ability_strengthen_plus;20;30
Specimen_EF_10;Divastator;Divastator;150;1555;336;520;336;520;LEGEND;ability_weaken;ability_weaken_plus;-30;-50
Specimen_EF_11;Dimentio;Dimentio;113;1427;353;1111;353;1111;LEGEND;ability_retaliate;ability_retaliate_plus;-10;-23
Specimen_EF_12;X'astuth;X'astuth;270;2242;873;1259;873;1259;HEROIC;ability_slash;ability_slash_plus;-35;-70
Specimen_EF_13;Achernar;Achernar;165;1873;411:AOE;766:AOE;822;1391;LEGEND;ability_regen;ability_regen_plus;12;30
Specimen_EF_14;K'Yu T'ypaï;K'yu T'ypaï;110;2114;755;1088;411:AOE;766:AOE;SEASONAL;ability_weaken;ability_weaken_plus;-20;-30
Specimen_EF_15;No Name;No Name;100;1000;100;150;100;150;BASIC;ability_shield;ability_shield_plus;20;30
Specimen_EF_99;Singularity Wizard;Mago de la Singularidad;250;4101;752:AOE;1128:AOE;1370;2000;CAPTAINPEACE;ability_strengthen;ability_strengthen_plus;24;33
Specimen_F_01;Demon;Diablesa;210;1627;461;690;461;690;BINGO;ability_weaken;ability_weaken_plus;-20;-30
Specimen_F_03;Snowmage;Mago de las Nieves;160;2591;615;922;354:AOE;529:AOE;SEASONAL;ability_weaken;ability_weaken_plus;-15;-25
Specimen_F_04;Leprechaun;Leprechaun;190;3512;584:AOE;877:AOE;643:AOE;965:AOE;SEASONAL;ability_weaken;ability_weaken_plus;-15;-25
Specimen_F_12;Summoner;Invocador;120;1590;477;762;488;798;LEGEND;ability_weaken;ability_weaken_plus;-20;-30
Specimen_F_13;VÃ¤inÃ¤mÃ¶inen;Väinämöinen;150;1713;533;799;266:AOE;399:AOE;HEROIC;ability_slash;ability_slash_plus;-30;-60
Specimen_F_14;Magican;Mago;170;1691;784;1134;531:AOE;784:AOE;LEGEND;ability_strengthen;ability_strengthen_plus;25;35
Specimen_F_15;No Name;No Name;100;1000;100;150;100;150;BASIC;ability_shield;ability_shield_plus;20;30
Specimen_FA_01;Techno TaoÃ¯st;Tecno Tao;250;1590;512;769;512;769;BINGO;ability_weaken;ability_weaken_plus;-15;-25
Specimen_FA_02;Mekali;Mekali;150;1407;320;481;320;481;PVP;ability_weaken;ability_weaken_plus;-15;-25
Specimen_FA_03;Bazzinger;Bazzinger;200;1502;414;622;414;622;LEGEND;ability_weaken;ability_weaken_plus;-15;-25
Specimen_FA_04;Banker;Banker;200;2635;728;1092;728;1092;CAPTAINPEACE;ability_weaken;ability_weaken_plus;-15;-25
Specimen_FA_05;Shadow Shaman;Chaman Sombra;190;1464;538;884;538;884;LEGEND;ability_weaken;ability_weaken_plus;-15;-40
Specimen_FA_06;Lily;Lily;170;2247;536;804;536;804;GACHA;ability_weaken;ability_weaken_plus;-20;-45
Specimen_FA_07;Dr. Frost;Dr. Frost;225;2117;515;860;515;860;LEGEND;ability_shield;ability_shield_plus;25;45
Specimen_FA_08;FootBot;FootBot;160;1453;311;469;311;469;LEGEND;ability_weaken;ability_weaken_plus;-15;-25
Specimen_FA_09;Zenguru;Zenguru;200;1785;484;727;484;727;LEGEND;ability_weaken;ability_weaken_plus;-15;-25
Specimen_FA_10;Mimi Timebender;Mimi Cronocurva;90;983;398;547;398;547;LEGEND;ability_weaken;ability_weaken_plus;-10;-20
Specimen_FA_11;Orion;Orion;120;422;666;999;666;999;HEROIC;ability_weaken;ability_weaken_plus;-8;-10
Specimen_FA_12;Ethereal Cybermancer;Cibermantico Etereo;190;2077;668;1286;668;1286;LEGEND;ability_regen;ability_regen_plus;33;55
Specimen_FA_13;Boreal Helix;Helicoide Boreal;175;2853;829;1138;560:AOE;844:AOE;SEASONAL;ability_slash;ability_slash_plus;-24;-60
Specimen_FA_15;No Name;No Name;100;1000;100;150;100;150;BASIC;ability_shield;ability_shield_plus;20;30
Specimen_FA_99;Archangel;Arcangel;260;4076;1241;1862;1241;1862;CAPTAINPEACE;ability_shield;ability_shield_plus;20;30
Specimen_FB_01;Grim Reapress;La Parca;290;1829;660;992;660;992;BINGO;ability_weaken;ability_weaken_plus;-15;-25
Specimen_FB_02;Prince Scorpion;Principe Escorpion;175;2568;524;930;524;930;ZODIAC;ability_weaken;ability_weaken_plus;-15;-25
Specimen_FB_03;Anubis;Anubis;230;1725;529;794;529;794;LEGEND;ability_weaken;ability_weaken_plus;-15;-25
Specimen_FB_04;Wicked Witch;Bruja Malvada;240;1763;756;1234;756;1234;LEGEND;ability_weaken;ability_weaken_plus;-15;-22
Specimen_FB_05;Bones ânâ Roses;Hardcorius;190;1844;446;695;446;695;LEGEND;ability_weaken;ability_weaken_plus;-15;-20
Specimen_FB_06;Sorceress;Hechicera;100;1145;248;522;248;522;LEGEND;ability_weaken;ability_weaken_plus;-15;-20
Specimen_FB_07;The Fates;Las Moiras;170;1813;311;567;311;567;LEGEND;ability_weaken;ability_weaken_plus;-17;-28
Specimen_FB_08;Gozer;Gozer;200;1879;403;724;403;724;LEGEND;ability_regen;ability_regen_plus;30;55
Specimen_FB_09;Hadeath;Hadeath;240;2297;689;1035;689;1035;LEGEND;ability_slash;ability_slash_plus;-20;-40
Specimen_FB_10;Yggdrasil;Yggdrasil;260;2617;746;1155;746;1155;HEROIC;ability_retaliate;ability_retaliate_plus;-15;-25
Specimen_FB_11;Nightmare Aberration;Pesadilla Viviente;85;1482;168:AOE;252:AOE;320;472;LEGEND;ability_weaken;ability_weaken_plus;-17;-25
Specimen_FB_12;Maiden of Twilight;Dama del Crepusculo;320;3580;1030;1437;1030;1437;HEROIC;ability_regen;ability_regen_plus;20;40
Specimen_FB_13;Candlelight;Altísimo Candelabro;250;2043;741:AOE;1145:AOE;741:AOE;1145:AOE;LEGEND;ability_strengthen;ability_strengthen_plus;30;40
Specimen_FB_14;Zagam, Great King of Greed;Zagam, Gran Rey De La Avaricia;245;6666;1666;2351;1666;2351;CAPTAINPEACE;ability_weaken;ability_weaken_plus;-15;-25
Specimen_FB_15;No Name;No Name;100;1000;100;150;100;150;BASIC;ability_shield;ability_shield_plus;20;30
Specimen_FC_01;Gandolphus;Gandolphus;110;1137;204;377;204;377;BINGO;ability_weaken;ability_weaken_plus;-15;-40
Specimen_FC_02;Captain Peace;Capitan Paz;250;3290;1074;1609;1074;1609;CAPTAINPEACE;ability_weaken;ability_weaken_plus;-15;-25
Specimen_FC_03;Oriax;Oriax;280;3944;1187;1780;1187;1780;CAPTAINPEACE;ability_weaken;ability_weaken_plus;-20;-30
Specimen_FC_04;Mexihcatl;Mexihcatl;210;2445;698;1048;698;1048;SEASONAL;ability_weaken;ability_weaken_plus;-15;-25
Specimen_FC_05;Yelda;Yelda;170;2605;641;962;641;962;VIDEOGAME;ability_weaken;ability_weaken_plus;-15;-25
Specimen_FC_06;Wind Spirit;Borrasca;80;655;196;263;196;263;HEROIC;ability_weaken;ability_weaken_plus;-30;-50
Specimen_FC_07;Amarok;Amarok;140;1389;299;450;299;450;LEGEND;ability_weaken;ability_weaken_plus;-15;-25
Specimen_FC_08;Kudamono;Kudamono;200;1722;507;761;507;761;LEGEND;ability_weaken;ability_weaken_plus;-15;-25
Specimen_FC_09;Gorthaur the Cruel;Gorthaur el Cruel;300;1937;1291;1937;1291;1937;GACHA;ability_weaken;ability_weaken_plus;-15;-25
Specimen_FC_10;Hephaestus;Hefesto;260;2514;898;1249;898;1249;LEGEND;ability_retaliate;ability_retaliate_plus;-15;-25
Specimen_FC_11;Midas;Midas;260;2445;700;1239;700;1239;LEGEND;ability_shield;ability_shield_plus;30;50
Specimen_FC_12;Generalissimo Chocoleon IV;Generalisimo Chocoleon IV;235;5099;1010;1515;1010;1515;CAPTAINPEACE;ability_retaliate;ability_retaliate_plus;-5;-40
Specimen_FC_13;Avalon King;Rey De Avalon;280;2084;885;1844;885;1844;LEGEND;ability_strengthen;ability_strengthen_plus;25;35
Specimen_FC_15;No Name;No Name;100;1000;100;150;100;150;BASIC;ability_shield;ability_shield_plus;20;30
Specimen_FC_99;Nimrod;Nimrod;250;3000;864;1296;864;1296;LEGEND;ability_weaken;ability_weaken_plus;-24;-35
Specimen_FD_01;Medusa;Medusa;220;1507;436;654;436;654;BINGO;ability_weaken;ability_weaken_plus;-20;-25
Specimen_FD_02;Horus;Horus;115;1257;234;564;234;564;RECIPE;ability_shield;ability_shield_plus;20;30
Specimen_FD_03;Ivory Hanzo;Ivory Hanzo;270;1924;879;1545;879;1545;GACHA;ability_weaken;ability_weaken_plus;-20;-30
Specimen_FD_04;Buranka;Buranka;200;1484;383:AOE;575:AOE;383:AOE;575:AOE;LEGEND;ability_weaken;ability_weaken_plus;-15;-25
Specimen_FD_05;Shinigami Painter;Artista Siniestro;150;1297;295;444;295;444;LEGEND;ability_weaken;ability_weaken_plus;-15;-25
Specimen_FD_06;Kung Chow;Kung Chow;240;2706;512;869;512;869;LEGEND;ability_weaken;ability_weaken_plus;-17;-24
Specimen_FD_07;Phoenix;Fenix;250;2016;5;1355;5;1355;HEROIC;ability_regen;ability_regen_plus;25;45
Specimen_FD_08;Omikami;Omikami;260;1957;741;1052;741;1052;LEGEND;ability_slash;ability_slash_plus;-30;-50
Specimen_FD_09;Draco Mage;Dracomago;250;2452;579;977;579;977;LEGEND;ability_weaken;ability_weaken_plus;-15;-22
Specimen_FD_10;Master Paw;Master Paw;290;3683;1342;2016;1342;2016;COMMUNITY;ability_weaken;ability_weaken_plus;-15;-25
Specimen_FD_11;Ishi no Åkami;Ishi no ?kami;160;1744;330;782;330;782;PVP;ability_slash;ability_slash_plus;-15;-40
Specimen_FD_12;Simurgh;Simurgh;120;1399;687;1030;515;515:AOE;LEGEND;ability_weaken;ability_weaken_plus;-15;-20
Specimen_FD_13;Tezcatlipoca;Tezcatlipoca;225;2599;773:AOE;1474:AOE;1531;2547;CAPTAINPEACE;ability_slash;ability_slash_plus;-40;-60
Specimen_FD_14;Vanir Queen Freyja;Freyja, Reina de los Vanir;245;4088;1241;2447;1241;2447;SEASONAL;ability_regen;ability_regen_plus;-20;-30
Specimen_FD_15;No Name;No Name;100;1000;100;150;100;150;BASIC;ability_shield;ability_shield_plus;20;30
Specimen_FE_01;C'thlig;C'thlig;270;1645;563;844;563;844;BINGO;ability_weaken;ability_weaken_plus;-15;-25
Specimen_FE_02;Azuria;Azuria;170;1386;342;513;342;513;PVP;ability_weaken;ability_weaken_plus;-15;-25
Specimen_FE_03;Astro Magician;Astromago;230;1602;491;737;491;737;LEGEND;ability_weaken;ability_weaken_plus;-15;-25
Specimen_FE_04;Space Princess;Space Princess;140;1254;271;407;271;407;LEGEND;ability_weaken;ability_weaken_plus;-15;-25
Specimen_FE_05;Nebulus;Nebulus;180;3354;616;1255;616;1255;ZODIAC;ability_weaken;ability_weaken_plus;-15;-25
Specimen_FE_06;Puppetron;Dollbyte;210;1685;734;1128;734;1128;LEGEND;ability_weaken;ability_weaken_plus;-13;-20
Specimen_FE_07;Bug's King;Rey de los Insectos;200;1802;496;746;496;746;LEGEND;ability_weaken;ability_weaken_plus;-18;-28
Specimen_FE_08;Majin Zam;Majin Zam;290;1932;1561;961;971;1561;LEGEND;ability_weaken;ability_weaken_plus;-15;-25
Specimen_FE_09;Xeleroth;Xeleroth;290;2345;949;1418;949;1418;LEGEND;ability_weaken;ability_weaken_plus;-15;-20
Specimen_FE_10;Bahamut;Bahamut;150;1707;361;543;361;543;LEGEND;ability_regen;ability_regen_plus;30;45
Specimen_FE_11;Pierrot;Pierrot;210;1997;829;1244;415:AOE;622:AOE;HEROIC;ability_shield;ability_shield_plus;32;48
Specimen_FE_12;Algid Exocelestial;Exoceleste algido;240;3130;724:AOE;1486:AOE;1448;2172;CAPTAINPEACE;ability_weaken;ability_weaken_plus;-10;-22
Specimen_FE_13;Vivaldi;Vivaldi;160;2955;643:AOE;1045:AOE;643:AOE;1045:AOE;CAPTAINPEACE;ability_regen;ability_regen_plus;20;30
Specimen_FE_14;Seraphic Core;Núcleo seráfico;235;2074;580:AOE;944:AOE;948;1460;LEGEND;ability_regen;ability_regen_plus;30;50
Specimen_FE_15;No Name;No Name;100;1000;100;150;100;150;BASIC;ability_shield;ability_shield_plus;20;30
Specimen_FE_99;Engineer;Ingeniero;260;2012;718;1477;718;1477;LEGEND;ability_retaliate;ability_retaliate_plus;-15;-28
Specimen_FF_01;Pit Lord;Señor del Abismo;300;2583;949;1424;545:AOE;820:AOE;BINGO;ability_weaken;ability_weaken_plus;-15;-25
Specimen_FF_02;Retribution;Castigo;180;1781;456;686;263:AOE;394:AOE;PVP;ability_weaken;ability_weaken_plus;-15;-25
Specimen_FF_03;Blood Berry;Mandragora;130;1922;313;469;180:AOE;270:AOE;LEGEND;ability_weaken;ability_weaken_plus;-15;-25
Specimen_FF_04;Monolith;Monolith;220;2126;600;805;346:AOE;518:AOE;LEGEND;ability_weaken;ability_weaken_plus;-15;-25
Specimen_FF_05;Glubber;Glubber;140;1831;568;860;399:AOE;600:AOE;LEGEND;ability_weaken;ability_weaken_plus;-20;-23
Specimen_FF_06;Namaste;Namaste;167;1716;416;628;284:AOE;495:AOE;LEGEND;ability_weaken;ability_weaken_plus;-19;-30
Specimen_FF_07;Geomega;Geomega;290;4093;1493;2439;746:AOE;1719:AOE;CAPTAINPEACE;ability_weaken;ability_weaken_plus;-15;-22
Specimen_FF_08;Firestorm;Tormenta de Fuego;160;1640;425;640;245:AOE;368:AOE;LEGEND;ability_weaken;ability_weaken_plus;-20;-30
Specimen_FF_09;Liquidator;Liquidador;215;2279;669;1123;384:AOE;575:AOE;LEGEND;ability_weaken;ability_weaken_plus;-15;-25
Specimen_FF_10;Bregbeam;Bregbeam;300;3250;1139;1708;575:AOE;863:AOE;LEGEND;ability_weaken;ability_weaken_plus;-15;-25
Specimen_FF_11;Gerard Steelgarden;Gerard Steelgarden;240;2901;975;1463;488:AOE;731:AOE;HEROIC;ability_shield;ability_shield_plus;28;42
Specimen_FF_12;Timeless Archivist;Archivista Eterno;190;3046;861;1208;516:AOE;775:AOE;HEROIC;ability_shield;ability_shield_plus;20;46
Specimen_FF_13;Sakuraboshi;Sakuraboshi;220;1948;814;1421;581:AOE;1134:AOE;LEGEND;ability_weaken;ability_weaken_plus;-20;-40
Specimen_FF_14;Twilight Prophet;Profeta del Crepúsculo;280;1130;814;3017;1331;2024:AOE;SEASONAL;ability_shield;ability_shield_plus;25;40
Specimen_FF_15;No Name;No Name;100;1000;100;150;100;150;BASIC;ability_shield;ability_shield_plus;20;30
Specimen_FF_99;Emotional Maskerade;Mascarada Emocional;295;5330;1441;2631;1032:AOE;1811:AOE;SEASONAL;ability_weaken;ability_weaken_plus;-24;-37
